Nama Software,Harga Software,Developer
The Investment Innovator EA,5 000 USD,Sergey Simakov
Mighty Makers EA MT5,799 USD,Sergey Simakov
XT Prop Firms MT5,599 USD,Marzena Maria Szmit
Darwin Swing MT5,999 USD,Guillaume Duportal
Neuron Net GOLD,850 USD,Sugianto
Darwin Evolution MT5,999 USD,Guillaume Duportal
Phoenix Rig EA MT5,699 USD,Sof'ia Vlasova
XG Gold Robot MT5,499 USD,Marzena Maria Szmit
Turbo Scalping,499 USD,Vladimir Mametov
EA Gold Stuff mt5,50 USD,Vasiliy Strukov
GOLD Way,515 USD,Anton Kondratev
Quantum Trade EA MT5,199.99 USD,Bogdan Ion Puscasu
New Genius AI FTMO mt5,149 USD,Vitali Vasilenka
Neurotron mt5,399 USD,Leonid Arkhipov
BBSO Tachyon Mt5,1 168 USD,Olivier Nomblot
Market Wizard,375 USD,Anna Poraj
Undefeated Triangle MT5,899 USD,Nauris Zukas
EA Black Dragon MT5,30 USD,Ramil Minniakhmetov
South East EA,500 USD,Sugianto
Tailor Ea,99.99 USD,Saeid Soleimani
Early Retirement MT5,170 USD,Jesper Christensen
GOLD Rage,245 USD,Anton Kondratev
GoldenScalp MT5,287 USD,Konstantin Kulikov
Euro Scalping,360 USD,Vladimir Mametov
PS GoldenEye EA MT5,399 USD,Miguel Angel Vico Alba
AW Recovery EA MT5,145 USD,Alexander Nechaev
LittleCrazy MT5,387 USD,PAVEL UDOVICHENKO
Ai EuRUsD MT5,270 USD,Tais Miranda Hoffmann
TopBottomEA MT5,498 USD,lizhi fu
Pound scalper,399 USD,Vladimir Mametov
Venzo EA,445 USD,Anton Kondratev
Prop Firm Pass EA,499 USD,Bailey John Wickens
Market Reversal Alerts EA MT5,99 USD,LEE SAMSON
DJI Prop MT5,450 USD,Evgenii Aksenov
Entry Points Pro EA MT5,555 USD,Yury Orlov
Exp TickSniper PRO FULL,200 USD,Vladislav Andruschenko
Sydney MT5,399 USD,Ruben Octavio Gonzalez Aviles
HolyGrail All in One MT5,399 USD,Yasir Zaidi
Trend Chief EA mt5,45 USD,Vladimir Stepanov
ZigZag 5 EA,200 USD,Alena Lysenkova
Waka Waka EA MT5,2 200 USD,Valeriia Mishchenko
Rio MT5,599 USD,Ruben Octavio Gonzalez Aviles
AI for Gold,485 USD,Eugen Funk
Hamster Scalping mt5,30 USD,Ramil Minniakhmetov
Auto Recovery Manager MT5,199 USD,Ianina Nadirova
AW Gold Trend Trading EA MT5,295 USD,Alexander Nechaev
Tesla Scalper Pro,369 USD,Soraya Bahlekeh
EA Idea Pro mt5,50 USD,Vasiliy Strukov
Two MA one Stochastic 5,60 USD,Daria Baskakova
The Forex Exchanger MT5,499 USD,Fabio Cavalloni
Market Pulse Scalper,299 USD,Buba Akhrakhadze
MagicWay,1 299 USD,Evgeniy Zhdan
Heiken Ashi EA MT5,80 USD,Juvenille Emperor Limited
Advanced AI Scalper MT5,299 USD,Ho Tuan Thang
Opening Range Breakout MT5,99 USD,LEE SAMSON
Breakthrough Strategy MT5,147 USD,Konstantin Kulikov
Genesis AI,199 USD,Yevhenii Mavletbaiev
EA Thomas MT5,149 USD,Vitali Vasilenka
AW Double Grids MT5,75 USD,Alexander Nechaev
Triple Moving Average EA MT5,99 USD,Jan Flodin
Dark Algo MT5,399 USD,Venus Labs S.R.L.
GOLD EAgle mt5,299 USD,Evgenii Aksenov
Dark Gold MT5,99 USD,Venus Labs S.R.L.
Ai GbPUsD MT5,240 USD,Tais Miranda Hoffmann
GOLD Edge PRO MT5,199 USD,Hideki Nakajima
EA Crypto Stuff mt5,50 USD,Vasiliy Strukov
Waiting Night MT5,349 USD,Marat Baiburin
Mood EA mt5,50 USD,Vasiliy Strukov
Edge EA Pro MT5,599 USD,Aleksandr Zheltikov
Dark Titan MT5,99 USD,Venus Labs S.R.L.
